grid_id,target_temp,bldg_area_sqm,road_length_m
0,47614.0,1755.6371185783678,484.0822426202294
1,47632.0,1821.205344872965,633.3116144215329
2,47525.0,2958.1096320890965,191.2344928809234
3,47419.0,2482.2871373429693,804.0551377096614
4,47099.0,2284.159472313167,2.7972256277890315
5,47186.0,2040.7285864305784,0.0
6,47160.0,494.0464088308032,265.78616542214206
7,47092.0,890.5972296739232,708.3785350679898
8,47331.0,2267.379825630662,1033.3228406762078
9,47155.0,2040.1244393274142,141.64485664454764
10,47502.0,4440.256238739139,0.0
11,47669.0,953.507805623181,251.42564669275328
12,48548.0,153.96008999873163,213.64447570026658
13,49671.0,3373.0039134721937,283.4396759105862
14,49315.0,1008.4046149171563,189.30365183845728
15,48705.0,2450.990740338536,448.44748498485757
16,47929.0,3899.7055041525205,524.3592346678972
17,48000.0,3443.6024509120225,693.2265784445243
18,47922.0,2730.854202182134,526.3501748718354
19,47729.0,1993.1798006304962,915.7736989389276
20,47185.0,1815.0612966106773,410.3486273628679
21,47013.0,1856.954323221362,329.4536506198628
22,46765.0,2183.9993998646205,551.7342696748399
23,46926.0,1778.6451236703106,253.089173980836
24,46853.0,738.7400364181169,213.10176166863738
25,47405.0,2717.820692814541,585.7776384648307
26,47584.0,3673.662119626634,457.21206061025254
27,47447.0,2798.796649086101,697.0298606048441
28,47854.0,3973.4817866811613,413.79049009652476
29,48022.0,2744.208118976361,1138.3723138519222
30,48174.0,3788.873633742013,752.9851486483192
31,47755.0,5044.078081787417,424.0177710299224
32,47830.0,4558.318117127996,691.4356408921276
33,47848.0,2502.549074638369,82.303706586473
34,47704.0,1440.5169712552754,767.6147097981353
35,47345.0,2301.7318001056437,713.6849417489099
36,46952.0,3986.031843709693,662.7493586229937
37,46693.0,863.1913232620136,1328.1866212425402
38,46567.0,810.9262820787616,531.3167216580307
39,46988.0,3159.7517106434075,226.83885443290959
40,47271.0,379.6460175892157,857.2741459351506
41,46909.0,905.3298752153355,352.9392832803461
42,47434.0,4684.920607961156,562.5043448453705
43,47727.0,3195.459150463898,1101.6647624763236
44,47651.0,1405.2581259903757,734.5721157518861
45,47830.0,842.3049488973709,289.62864426949784
46,48373.0,0.0,480.6999481052425
47,49276.0,0.0,629.692418373477
48,49112.0,0.0,481.99929905027176
49,48938.0,2256.7378010332736,495.8089223224069
50,48104.0,1754.7147699922411,549.1975941762311
51,47866.0,1793.7086338419397,1139.155739288853
52,47768.0,4529.394172120404,582.1987882824519
53,47828.0,4940.038455316508,390.5024274937044
54,47226.0,3557.330418836441,838.6737644329418
55,46881.0,1063.1679664013147,1230.8197196005656
56,46516.0,504.79312409049237,225.19890191496313
57,46286.0,1318.994968318917,294.73437305560265
58,46460.0,1165.5561054051002,212.56844110861599
59,47148.0,2527.1091130612876,319.79160978206073
60,47465.0,1509.7662214297222,669.2408280764848
61,47489.0,4534.470315017407,375.2550522936808
62,47685.0,4115.553716762057,579.4203727879898
63,47655.0,3971.4684124276805,671.8008704526999
64,47564.0,3874.182899470281,1058.4715947185164
65,47429.0,3202.735725021129,1141.6831443631202
66,47688.0,4148.186566974194,774.7172253208347
67,47615.0,1246.271389330696,205.527448658383
68,47478.0,2019.1075508508113,693.0998316681201
69,46940.0,5341.627858889824,839.2560723866558
70,46614.0,2357.5866230570564,1082.9563857094702
71,46638.0,1547.753551997957,906.1080590548717
72,46875.0,3248.207259183526,686.442439079965
73,47023.0,909.9353152473824,1222.5358971553655
74,46960.0,2261.214122396671,430.2120408631736
75,47038.0,879.6073902906965,413.49759090945406
76,47102.0,399.4159060230552,337.0566944841177
77,47445.0,785.3629834547199,270.5447642702743
78,47379.0,826.941452349346,977.706154745876
79,47742.0,2525.8215064075425,253.70013376341706
80,48171.0,0.0,486.6992438676189
81,49069.0,0.0,762.3380718947872
82,49157.0,0.0,505.52026528832306
83,49218.0,3222.906048611938,272.4325438109594
84,47791.0,1642.5972198787772,956.3971898191068
85,47247.0,1783.1084703280262,385.5910167963243
86,47286.0,3347.027573225294,758.93253824759
87,47235.0,3652.4579196814457,740.9307298799316
88,47297.0,3640.667167853646,568.7572922954437
89,46859.0,664.4648037504893,367.4197738044133
90,46416.0,0.0,621.6024165620174
91,46429.0,206.4931419809209,788.6773701108763
92,46674.0,4275.882121648572,426.7615367561366
93,47169.0,1972.840999854512,699.9729795399242
94,47331.0,1880.3992977877115,376.98450220979555
95,47596.0,751.981405598923,432.2560136423644
96,47723.0,3336.457776915699,817.8318312898618
97,47511.0,3430.8399564265906,556.8379028830585
98,47496.0,3119.7336264969954,569.0849824984282
99,47426.0,2299.926650726424,330.1899602649352
100,47312.0,2695.1508849218544,240.93302144862022
101,46672.0,623.9420202372496,0.0
102,47412.0,5309.138154491241,309.3134735646731
103,46772.0,1626.2858926705376,983.5222800243912
104,46806.0,2639.568871082398,416.52915634815946
105,46893.0,4958.474664973745,448.6658567652556
106,47008.0,3837.2853507803475,1238.8966886035737
107,47067.0,3389.765424406422,211.73718885139093
108,47032.0,1900.145834268479,1114.307427720919
109,47084.0,1804.8716453340476,498.1737357892035
110,47075.0,1418.7492770266858,277.89637385814996
111,47383.0,374.0689598761247,996.9778290688796
112,47322.0,4046.891442306546,175.95135141012503
113,47540.0,2665.5926510507434,0.0
114,47995.0,0.0,586.3396195908745
115,49004.0,0.0,793.4923890668679
116,48834.0,197.3386413096811,344.8900809845228
117,48698.0,3301.9304850583158,833.9239162550612
118,47127.0,162.3505345547118,386.8416491533367
119,46563.0,1455.3622711273513,303.2470438038663
120,46764.0,2365.5013375050353,292.3392998701061
121,46794.0,1308.0988299537778,632.4665901811591
122,46936.0,0.0,106.40826861690495
123,46610.0,0.0,0.0
124,46487.0,2033.240214866393,0.0
125,46466.0,0.0,363.62635405741366
126,46477.0,110.76760250147444,957.8590518287434
127,46763.0,1696.2492629792052,654.5957882716424
128,47263.0,609.6658980458037,1072.9991038091498
129,47617.0,1329.3003626435986,407.5515426518911
130,47755.0,974.8163040832734,565.8475041403026
131,47618.0,3789.8049215489273,243.9241299481825
132,47635.0,3153.6679283059343,499.95473054490054
133,47509.0,4347.783039930404,427.6225028873997
134,47209.0,1017.9757416487014,413.1149151368875
135,46504.0,472.07285397037356,0.0
136,47333.0,1968.8332416249693,814.2966664681417
137,47231.0,2445.724850221382,730.2764975691463
138,47251.0,2424.5367604034664,342.1284975738104
139,47163.0,2885.53612266356,111.79203301088741
140,47114.0,2363.560312846422,771.2779029721851
141,47423.0,2749.3404957818225,759.5949798705551
142,47313.0,3645.5721574682775,459.86458834873326
143,47075.0,1377.057972248108,760.5255533504585
144,47064.0,1022.1434660427715,1162.175422869641
145,47105.0,231.75875842955674,971.2728928829637
146,47277.0,3403.5603729716895,109.14052276237787
147,47410.0,2301.428156076123,33.8645276390621
148,47790.0,824.701778844463,225.44628968357597
149,48189.0,0.0,733.3935043195221
150,48027.0,413.9226041782998,502.23463954381896
151,47601.0,844.5536108085823,1345.2295426685284
152,47163.0,1068.6004904594336,371.38763402371626
153,46483.0,1262.796712143774,192.48737724977423
154,46407.0,603.2402234474888,469.5581266592153
155,46457.0,737.949816914957,37.149753112491425
156,46342.0,0.0,0.0
157,46285.0,332.1903925971811,0.0
158,46238.0,0.0,0.0
159,46327.0,0.0,0.0
160,46298.0,0.0,0.0
161,46413.0,11.062178117508964,645.9784956005951
162,47174.0,347.7696782210015,1387.1519719767687
163,47519.0,2641.2012692073686,303.7790361609874
164,47735.0,371.7733880153697,539.0176907710022
165,47512.0,1395.5222836076632,928.5963732710302
166,47548.0,3482.873842574622,682.0098161675712
167,47440.0,2943.0247413665334,776.0196965916028
168,46739.0,1641.1232135623586,473.30199318288186
169,46593.0,0.0,166.25920500720997
170,47272.0,2016.7024039647156,487.1586789602123
171,47713.0,1315.592586792663,422.73969036115204
172,47340.0,2416.861541667151,294.0983543523927
173,47160.0,2309.6852543550067,730.0870073909116
174,47065.0,1962.047613110523,800.3021279048941
175,47393.0,3621.242816033411,1078.985371540185
176,47314.0,4109.1449823032635,54.11643036184141
177,47233.0,3129.841629015971,553.9870325052414
178,47148.0,1143.8068920528883,1119.3846050627571
179,47118.0,1082.465004869179,1109.3000754900522
180,47276.0,320.43629787286085,830.8682110355956
181,47209.0,1330.5353667060126,69.26553442481747
182,47313.0,1912.9250736360104,249.63151100844073
183,47379.0,2266.522747176675,164.95939932658797
184,47549.0,533.9050193454298,377.37033992540574
185,47393.0,1358.2780471157796,906.7520434725743
186,47322.0,4566.52508539131,125.97104367769357
187,46884.0,883.2220532168158,262.06681817135063
188,46676.0,117.48467569825691,234.9947146161167
189,46548.0,0.0,0.0
190,46255.0,0.0,0.0
191,46210.0,0.0,0.0
192,46290.0,0.0,0.0
193,46516.0,0.0,0.0
194,46560.0,0.0,44.453067332052996
195,46694.0,0.0,336.56910790017
196,47681.0,0.0,1089.5493206105912
197,47874.0,516.4800738819838,636.5929072811
198,47679.0,0.0,763.3129579234094
199,47505.0,2040.4212482289258,726.7476291518972
200,47389.0,717.5716127089061,877.4420277367776
201,46619.0,0.0,21.99899543655276
202,46089.0,0.0,0.0
203,46340.0,0.0,0.0
204,47449.0,3440.581069831913,490.87926329823097
205,47600.0,2920.037706281884,420.1209981353393
206,47476.0,3734.073465723708,288.5647325650721
207,47299.0,3113.9747792949665,550.4041142134465
208,46916.0,2547.370857146541,507.17311720358623
209,47190.0,2662.8580316189004,467.414884583444
210,47176.0,2371.2054037096195,430.8942554997126
211,47397.0,1873.4312592975316,1325.7710347609368
212,47230.0,2665.0599966537457,441.79723190848455
213,47351.0,3020.312361570781,298.62851770959907
214,46968.0,2449.3602446974805,699.9914608763786
215,47073.0,1697.7509879985444,1157.9775703852517
216,47032.0,392.25257313308924,674.7314363989154
217,47124.0,2277.294454150001,502.7234299834496
218,47511.0,4998.7761752887345,323.81993568064814
219,47468.0,781.9153433967147,855.8594241212768
220,46978.0,3179.910121787556,607.6978123931685
221,47277.0,2109.7521503234834,322.103679407283
222,47333.0,2429.4609050730846,0.0
223,46843.0,0.0,0.0
224,46484.0,0.0,34.53114948605536
225,46654.0,282.92907506213345,511.18895880888954
226,46930.0,877.3211163537671,612.6010909523995
227,46977.0,2291.075152696069,982.9546485055122
228,46998.0,2117.125969523303,537.7879169146097
229,47323.0,2873.2956046893855,688.7189854370745
230,47479.0,3892.820991131366,286.7439536457069
231,47348.0,1411.0726448104044,333.96326986026673
232,47775.0,1238.520805348711,611.6554893128063
233,47405.0,4456.077425298898,662.5281265263314
234,47385.0,2617.3590358379206,962.6226083235051
235,46729.0,0.0,0.0
236,46109.0,0.0,0.0
237,46099.0,0.0,0.0
238,47662.0,1002.5059560831744,936.3548470574453
239,47662.0,2615.4862961845897,924.4783887853932
240,47216.0,1593.8386333178794,1072.8446998291497
241,46901.0,689.8364762503948,934.5871802358812
242,46951.0,1160.067451603029,1030.0522134347636
243,47313.0,1771.7187680331358,902.0656545067441
244,47241.0,881.3415601803421,1245.0781278623601
245,47479.0,3692.4423244428776,333.60318312307544
246,47240.0,5179.484332674562,199.12556416928933
247,47424.0,4279.125864254223,529.2132694916396
248,46944.0,2277.28552555501,139.35083796638796
249,47403.0,1915.5650923603903,331.85745087249416
250,47428.0,1121.7899298287127,830.624159360576
251,47390.0,2338.303237114577,912.684059215742
252,47455.0,3090.5062126083108,296.77582818824845
253,47483.0,1688.5350351027819,1059.8640309520808
254,47336.0,2467.8542232429186,718.7502980746133
255,47270.0,2315.0052774889004,389.43695478191165
256,47346.0,4108.368201026369,156.94872661854836
257,46830.0,53.870215111302734,5.746530703081935
258,46658.0,257.94902831727296,651.3182356961618
259,46737.0,1829.4369822180006,97.99769838056571
260,46977.0,2930.747323880848,537.5161627131291
261,47046.0,2470.432581866175,1123.5687078105816
262,47089.0,1040.4787107316963,412.71965955854523
263,47567.0,3740.8691968862204,337.6509936795797
264,47673.0,2768.627593230325,281.7929609623926
265,47515.0,3224.1928094090445,604.0552086455982
266,47647.0,2336.8781439245095,223.69312355113433
267,47330.0,3388.0893468764784,295.2109335036294
268,47382.0,1662.2106486274229,536.9942969752447
269,47039.0,0.0,0.0
270,46314.0,0.0,0.0
271,46234.0,0.0,0.0
272,47662.0,1830.4638504153033,461.87284146916
273,47571.0,3760.370050521424,323.50394935984457
274,47044.0,3573.1008162829467,299.35483342470707
275,46918.0,3887.224802882988,254.65688416960754
276,46978.0,4500.790180875271,327.4302071351748
277,47209.0,2346.929633002363,500.2756290906559
278,47201.0,308.4551865862909,1242.193374767775
279,47532.0,3906.6698319019383,515.5197929521172
280,47353.0,2056.463089526229,661.4803608446346
281,47682.0,1762.554302251842,1160.5624920650241
282,47149.0,1238.348263376117,1087.7363008688894
283,47467.0,2073.1159707955403,763.6126142665162
284,47532.0,957.3799631895005,1209.4117798672005
285,47358.0,3423.3107964843302,281.5945643327822
286,47279.0,1026.9101735953457,823.3893014705195
287,47398.0,613.6243190795858,1295.7919933296891
288,47446.0,1347.034173892622,1124.2641780887539
289,47678.0,4379.245268240292,556.2061253480418
290,47193.0,1498.1798816326198,175.08837847741881
291,46695.0,0.0,592.6476866197951
292,46344.0,905.4290239263162,68.99799867220446
293,46282.0,3010.644862431728,275.5670846143598
294,46840.0,2596.959895423477,759.330351973435
295,47320.0,3626.96907482995,803.7477957452473
296,47447.0,5572.466264031757,95.60816457582081
297,47908.0,4898.505699608758,539.4847582003732
298,48079.0,3572.501802523474,692.5306252037385
299,47967.0,5614.6890793538205,688.1016914888978
300,47651.0,3638.286240113823,595.2833636783712
301,47535.0,1616.8758322175865,696.0673873045721
302,47700.0,0.0,97.94910025552825
303,47947.0,0.0,0.0
304,46835.0,0.0,0.0
305,46805.0,0.0,0.0
306,46948.0,5.7856005788069975,0.0
307,46811.0,0.0,328.0357265929165
308,46312.0,0.0,19.47711134169708
309,46243.0,0.0,271.3450810005812
310,46520.0,1839.8136371062515,334.0404998242151
311,46775.0,729.4333447658255,680.5490572274741
312,46870.0,1873.6961602309402,539.1384153418552
313,47022.0,2446.759266666949,1393.606292633618
314,47568.0,3547.090256924891,571.4952492627881
315,47864.0,3289.7082276048777,751.7950944338022
316,47301.0,291.64947622571935,1421.0144450770947
317,47319.0,0.0,846.5633753707816
318,47490.0,264.2790587704438,1144.1890726532436
319,46972.0,1006.9744286927879,840.5286483378828
320,47220.0,1793.1344098471654,859.5356679330589
321,47400.0,2401.9307972286824,767.745995756385
322,47346.0,163.69775999032024,1509.822820675222
323,47511.0,1555.640764824684,1111.768716330948
324,47204.0,825.2213132759312,836.5993286955184
325,46906.0,25.036890167738065,1152.096270436257
326,46908.0,1986.2154313165624,543.9180077405157
327,46734.0,624.6661703238104,840.23231162026
328,47183.0,1348.1919862382815,1496.5629337548835
329,47475.0,2023.3140909238166,896.5017194607908
330,47599.0,3772.2066916715153,1023.486265388293
331,47765.0,2265.418797616734,1212.0004146904132
332,47711.0,3178.370690106438,1057.1364670135958
333,47775.0,4092.4395278176485,869.5475425886501
334,47828.0,3863.2016231565844,399.3596987701887
335,47524.0,286.87250396277045,464.0232324104299
336,47513.0,51.50278054366627,0.0
337,47357.0,0.0,122.09733484697108
338,47018.0,0.0,0.0
339,47178.0,0.0,0.0
340,45855.0,231.64677120281712,0.0
341,45877.0,0.0,145.20705928162496
342,45919.0,0.0,205.66600998593574
343,46217.0,0.0,279.1036909043921
344,46459.0,220.25038842653836,145.852322004362
345,46664.0,294.2211595704431,391.8020638338563
346,46732.0,3208.4026834658844,155.74162716631483
347,46802.0,63.89516973694044,1364.6876994817544
348,47461.0,2011.822648380352,651.8311380080723
349,47925.0,5071.081792960799,339.56493863581505
350,47390.0,716.8602442580666,947.6411543736402
351,47324.0,0.0,662.1264808591513
352,47373.0,87.72301500385345,454.2801720546706
353,46581.0,0.0,863.7398523899126
354,47251.0,2184.9445762616247,804.9729358911846
355,47378.0,2927.6065355873893,856.9146117319909
356,47354.0,3703.2070069868832,490.53323508527416
357,47445.0,1485.8714614635041,1036.1876851916902
358,47130.0,28.155465045147203,395.2006799941155
359,47084.0,718.087370595214,215.1222209278008
360,47508.0,1701.5979105522922,84.89431641995819
361,47283.0,1884.0672817314448,423.0890532348328
362,47361.0,3515.6445566413404,667.8917637254549
363,47389.0,2211.219041056347,0.0
364,47537.0,3719.123519180774,469.62545094918266
365,47734.0,3451.257061487705,1062.685680712829
366,47473.0,1899.245011226207,962.0851899790921
367,47484.0,2083.5706261586374,1193.6363871724554
368,47801.0,979.6508888189278,965.0667542615736
369,47332.0,0.545892582377756,347.2371802409739
370,47340.0,0.0,211.48168077103585
371,47051.0,0.0,103.1036112952737
372,47511.0,0.0,284.2088597998264
373,47829.0,0.0,0.0
374,45832.0,0.0,93.16383650104552
375,45841.0,0.0,496.8560766176811
376,45861.0,0.0,193.49132322266172
377,46250.0,8.608132318446222,1259.1262898219054
378,46446.0,989.1686405367824,906.1309546892331
379,46671.0,94.16365456464398,831.3691525114268
380,46659.0,0.0,785.480504198933
381,46724.0,0.0,798.5058583783658
382,47397.0,1411.3257524167193,1213.347449080159
383,48074.0,1109.8189330756854,735.7731932708624
384,47927.0,4255.00918798988,705.440136620772
385,47815.0,1777.986624147612,763.7598787834013
386,47431.0,0.0,249.83083896965172
387,46733.0,20.714001517591015,253.01699032988458
388,47250.0,3509.4685924284568,10.697561091070357
389,47014.0,1010.8493473351564,966.6082158773902
390,46911.0,329.2216501872486,1286.209017811059
391,46874.0,0.0,460.1058485611684
392,46651.0,633.6576592690021,934.2884830112987
393,47247.0,2809.061061347191,296.19342704691877
394,47920.0,2638.125007698862,241.5950294892359
395,47721.0,4047.477877853229,35.611572951961165
396,47278.0,2485.881349518458,895.7971652410268
397,47409.0,2651.7524424214675,282.27175462314773
398,47597.0,4593.246817259024,504.9883531124376
399,47715.0,3962.718078336453,997.396260149142
400,47543.0,3230.8269549323136,591.1674926405759
401,47715.0,3525.5369132383044,877.2822794329912
402,47411.0,0.0,671.0717236750222
403,47393.0,0.0,245.44353587612997
404,47845.0,1087.5521083269014,207.33942701106017
405,48870.0,159.6125081386177,205.3530547024077
406,48686.0,745.8738532737005,360.13287061625465
407,48357.0,0.0,53.85134053978727
408,46545.0,571.7389765403509,366.72804960431216
409,46070.0,100.08930264963915,476.4059357417153
410,45664.0,0.0,903.7815310231965
411,45791.0,0.0,625.2039838593449
412,45886.0,0.0,972.8570825997617
413,46214.0,0.0,809.4283092894967
414,46339.0,0.0,786.0608874069775
415,46547.0,124.71443830184343,805.0852533681585
416,47240.0,1834.9536614313006,966.2940808192926
417,47978.0,2845.847850842764,954.3979737054651
418,47966.0,2287.4689209761927,955.9544031197885
419,47731.0,2542.5133952301926,881.8002583632536
420,46863.0,973.1805779759525,496.0556300488554
421,46841.0,3355.5549425327104,561.724449524624
422,46946.0,2808.2634512137283,728.7870477887151
423,46786.0,75.55519362541803,1128.9856375413167
424,46748.0,9.488911497861713,1018.6621745866049
425,46563.0,0.0,456.0941954670465
426,46690.0,1714.0925668279938,1042.3430779743458
427,47586.0,2776.397265402989,1036.0146951445008
428,47683.0,3257.949201076707,830.8921227094762
429,47378.0,2838.3745187228446,344.0742737881386
430,47207.0,2643.9423221204174,912.4070021455037
431,47806.0,5215.266069127535,513.5576431185889
432,48107.0,5141.423991545282,781.0635547753054
433,48095.0,4072.565268644813,1137.5451216758863
434,47812.0,3762.925016527738,674.5377989490105
435,48103.0,4963.529917366375,707.7228324220533
436,47388.0,0.0,595.9899712014667
437,47344.0,1089.0410345041603,201.73588622562332
438,47882.0,3090.452371089813,596.6191798213594
439,49428.0,6384.4745313889935,10.812931092384424
440,49408.0,8194.581945254813,0.0
441,48878.0,1541.5571275662182,0.0
442,47803.0,501.5045711756583,901.7588174496142
443,46667.0,0.0,736.8939147391857
444,45845.0,0.0,586.3666339137186
445,45727.0,0.0,886.0799964241116
446,45766.0,0.0,365.7725478358589
447,46011.0,0.0,1573.262853147072
448,46073.0,0.0,536.9266417990771
449,46412.0,1789.7012669003043,475.29645384529204
450,47323.0,4531.454098340427,177.22286652003189
451,48043.0,1619.9453330383235,545.1456110293437
452,47733.0,3364.758466366794,1076.457366402066
453,47083.0,936.7515772361332,462.65281359416446
454,46526.0,0.7873977236633272,967.4306252697476
455,46665.0,636.2996893874831,970.6640052079861
456,46726.0,5.769516732472444,1091.8692448799782
457,46607.0,1037.3400785395597,811.5071166671319
458,46449.0,56.72518983969114,445.44095972232265
459,46460.0,125.13548219734744,876.2325543818039
460,47194.0,3223.110584487479,1207.9596727852374
461,47810.0,3747.2283602403636,319.2192272578229
462,47586.0,3806.012385782971,904.0772854545505
463,47334.0,1010.7586801423346,635.5568823800938
464,47172.0,1292.5739893023763,696.8361565633132
465,47794.0,4220.809765247724,782.9439538276846
466,47997.0,4484.090212557474,916.2306696213248
467,48199.0,4035.112720481606,1485.579070852504
468,48155.0,3916.5678996671136,738.4162795708241
469,47927.0,3938.134325226815,773.146485194048
470,47465.0,630.6589869318293,445.25928885058175
471,47816.0,687.713207299344,452.608629401865
472,48260.0,701.262020001073,440.7256321342112
473,49315.0,2771.454159979403,756.783697982792
474,48759.0,2349.043230539496,65.68851935353557
475,48362.0,0.0,0.0
476,48228.0,2735.5570000394027,61.366689325205584
477,46945.0,628.519625272958,1087.8927341596775
478,45989.0,0.0,544.5526977347522
479,45916.0,0.0,761.7490134873996
480,45988.0,0.0,655.5730733365205
481,46365.0,0.0,1185.6731356740477
482,46158.0,0.0,498.52021687223896
483,46234.0,0.0,814.0588130381553
484,46820.0,2106.460586038693,216.70228330835133
485,47838.0,4752.11385761148,319.56674111169434
486,47194.0,1394.4078773389094,706.5131588076913
487,46671.0,413.13036968497505,897.934198335671
488,46528.0,0.0,943.9576264181195
489,46659.0,1416.4470909845688,436.4391579952978
490,46862.0,2037.1700362271936,108.25930321805366
491,47161.0,3023.8819944716606,1014.0659933762104
492,47144.0,1855.0299606338556,1221.5365345639652
493,47220.0,1400.3348974335915,1124.686498210763
494,47633.0,3349.3623987707183,143.25892367905738
495,47679.0,4015.2664246118143,537.2251324495573
496,47679.0,4023.2538248167652,466.842847377834
497,47692.0,3041.8772634719185,1208.8168605779822
498,47554.0,3267.0898013416727,1057.777392531484
499,47820.0,4212.268360723017,759.4761310400091
500,47981.0,3438.46723985284,1365.7182924074816
501,48047.0,4384.0257458974,1043.7526229838456
502,47819.0,3878.4192242528834,1046.5897159569965
503,47537.0,2217.5859899707148,836.6715667614338
504,47617.0,254.46693066548536,363.6222132267402
505,47888.0,1718.307668525919,76.99144969254272
506,47776.0,2905.458604056005,465.692749567542
507,47945.0,1656.781237687378,646.5346191377167
508,47408.0,0.0,85.79776395085723
509,47771.0,0.0,0.0
510,48037.0,2641.9230839165575,285.00040241043683
511,47509.0,1598.0021963651393,947.5637501209474
512,46856.0,0.0,1967.5862283780787
513,46201.0,0.0,822.7519494985257
514,46265.0,514.1074113230218,382.2501248457522
515,46817.0,1753.5125339238912,757.6887803045468
516,46951.0,688.5405499332703,848.4427369305937
517,46432.0,86.12877136025898,811.2307216648351
518,46246.0,0.0,620.1162749544841
519,46336.0,1110.9857481190284,702.4989395185773
520,46465.0,492.8348694901571,428.1506088380836
521,46523.0,2.7261561153256357,1128.9090840379263
522,46639.0,279.00126725304733,747.4037413555665
523,46855.0,503.5504893075543,774.6565283886634
524,47371.0,3109.2692574846933,186.18778531514528
525,47556.0,2050.359490097895,860.5169687709566
526,47534.0,2407.007762018093,226.2796743367037
527,47359.0,2723.460979339058,378.3006263771307
528,47566.0,3565.1979812809377,303.16814498891466
529,47542.0,3371.3103530950534,772.0847472603757
530,47626.0,2924.0203185643104,1240.3524466974302
531,47727.0,2798.3076407043527,694.7156282651267
532,47605.0,3512.8406002216097,307.86203053718253
533,47876.0,3951.7785230193363,900.204109487304
534,48037.0,3210.2975536808167,1607.45757815065
535,47889.0,3190.97829427966,893.0289128901338
536,47636.0,3074.744707047775,495.27574887519233
537,47506.0,2337.2181451772594,549.9880301093056
538,47875.0,254.3628963306025,154.6748609880219
539,47703.0,2316.845487133486,100.44215603688609
540,47018.0,5.453355810761195,493.2041861464774
541,46788.0,0.0,146.78921870707728
542,46692.0,722.5462850484655,0.0
543,47226.0,0.0,0.0
544,48071.0,1464.2521107628756,2.9342023033660922
545,47920.0,415.55623875721125,533.2377533973346
546,47174.0,3813.7795485892707,696.4701688844424
547,46583.0,455.445318128471,1070.5497315437995
548,46615.0,573.0258136128421,154.29918922238397
549,47151.0,1972.496122888107,289.4324013461428
550,46868.0,655.8617210369661,664.8776237073602
551,46312.0,88.31009645012469,942.8843944096286
552,45986.0,0.0,236.56087871513066
553,46093.0,0.0,401.83415575351927
554,46265.0,1116.2402326223664,668.7746120134303
555,46589.0,1326.7654636843945,409.6919010893225
556,46904.0,1983.9614936471605,454.51798018294113
557,47080.0,1480.6487905025667,1208.393484547181
558,47590.0,4977.254850144472,476.5626091653035
559,47726.0,2622.525852792797,328.18290898675826
560,47780.0,3027.360481418032,703.8949927087511
561,47385.0,2233.498655126137,769.5886620734082
562,47385.0,2601.0251774554467,745.8635063442506
563,47349.0,2514.1837881613915,756.6721602951043
564,47075.0,3944.8372919683466,388.58031307109525
565,47158.0,3091.882750934539,823.3607867457973
566,47516.0,3967.528648868241,853.8751814622613
567,47945.0,3143.488475208834,1086.4483265082072
568,48009.0,3520.999911734986,660.2532449379606
569,47902.0,646.2805346652644,622.5559047295433
570,47829.0,1197.2981900432583,561.4424114142953
571,48171.0,3680.847083735281,86.46720361019061
572,47912.0,1846.5100083905204,144.65600279661354
573,47585.0,619.865814657072,309.8602612059318
574,46654.0,0.0,118.40414088100594
575,46192.0,0.0,104.66972017724919
576,46694.0,128.82424736129332,319.8462272390816
577,46845.0,215.44318830286932,263.45487344098143
578,47813.0,3662.1518042693583,27.737299654408066
579,47705.0,2606.5102387481616,921.6409854848288
580,47139.0,1474.3927725556296,1094.511875485273
581,47211.0,4119.205554057143,615.7155360334227
582,47360.0,1394.8971347692839,1289.6678048534923
583,47327.0,1684.5948960143223,548.2212130595865
584,46480.0,137.03030907040835,3.414110595599195
585,46089.0,0.0,648.039143443898
586,45892.0,0.0,652.8060978625416
587,45853.0,0.0,903.9589526765942
588,45889.0,0.0,580.5781100534175
589,46583.0,2043.1558996598503,739.0319558783812
590,47678.0,1449.0482986096176,924.8345637543592
591,47601.0,4952.320879720823,769.6929382937017
592,47347.0,1412.4915010429763,1749.8418853511457
593,47486.0,3840.7561080535997,310.7974129132793
594,47547.0,2786.9409893010206,60.060244590935724
595,47532.0,3086.061863788322,1053.7168858113728
596,47158.0,4329.040716295049,776.0961553066742
597,47147.0,3674.657546325297,489.08586033531606
598,46904.0,1795.1682843176193,695.5944491854912
599,47055.0,1884.5243179893853,570.0946480496868
600,47565.0,2426.7003242019255,724.2816499627199
601,47643.0,2406.505845667657,217.83974950757568
602,47834.0,4385.747158402215,427.34573952744205
603,47903.0,3716.5779440050264,504.7068745262256
604,48086.0,104.86258782620276,820.3381669108815
605,48043.0,527.950752062263,501.85867543024796
606,47435.0,843.7383755779495,741.3091608297244
607,47093.0,706.0234983431773,734.2395986121995
608,46988.0,789.263606598271,678.0116319603077
609,46709.0,2596.5157946517593,584.2461346100698
610,46876.0,3756.40817625166,316.8814752687282
611,46985.0,480.121593022634,526.7476855928043
612,47509.0,5087.807923729559,377.45510855171005
613,47507.0,3018.4614065255137,1202.967043347279
614,47011.0,1874.166717456075,595.7404999976023
615,47301.0,1729.8970710789329,471.3149504823604
616,47383.0,3957.62442647758,390.4226933838487
617,47280.0,2590.7444322169063,1066.092306448363
618,47088.0,1311.637277693289,328.14461282508177
619,46592.0,0.0,615.2539425189161
620,46385.0,0.0,390.04811704977107
621,46291.0,0.0,447.1181447487037
622,45869.0,0.0,778.968106128365
623,46682.0,1331.664151242187,862.6111198258603
624,47858.0,4874.436718535629,1109.212405409258
625,47822.0,3451.566688339426,870.1395438123968
626,47395.0,2805.278511044495,1263.5391752671821
627,47671.0,1685.1290496340703,1232.4051010018609
628,47708.0,3685.1262998319717,740.425287047072
629,47485.0,3839.299509450947,406.14793918250825
630,46900.0,1361.5022562356335,702.997479347598
631,46955.0,1889.1132876793115,538.9910319783417
632,46924.0,490.51822060121094,168.12909535425132
633,47585.0,3748.4599908261707,423.4876420141711
634,47646.0,1983.7487199605932,457.53613159528066
635,47416.0,1774.189815276562,751.3573776503711
636,47501.0,3778.9987921293473,212.26322479669383
637,47843.0,3826.2910151734545,142.2823848628685
638,48177.0,1574.6333213035832,499.20775611735314
639,47908.0,272.8309636336787,581.8438173521209
640,47226.0,34.174856658492224,424.51028818015305
641,47049.0,1440.7302371739743,556.4836417936741
642,47025.0,0.0,17.875823156916613
643,46827.0,695.1854301366279,75.48615795895293
644,46851.0,2408.8147253849006,744.7990797718766
645,46926.0,873.1095816167026,210.43835177303424
646,47371.0,3106.9857644654076,643.4741270165628
647,47517.0,3248.5620472729165,1384.2890561306783
648,47313.0,2443.86420044843,482.32086457713905
649,47333.0,2598.6009601760506,671.2725501437467
650,47280.0,4853.063868176106,502.157760738759
651,47326.0,3537.6477809848952,637.59812127839
652,47349.0,1571.1141522076525,895.8158297415152
653,46715.0,0.0,683.2513398809335
654,46427.0,0.0,550.1206377642646
655,46518.0,0.0,875.552842027364
656,46390.0,0.0,1350.7222868416968
657,47168.0,1495.0580762704749,1322.4157600715448
658,47471.0,4619.02672026989,1138.9610822160957
659,47471.0,3113.982164965471,1018.5613977293394
660,47394.0,2432.8832806728888,570.3127669436285
661,47658.0,1582.2444613342454,1185.3346707873657
662,47709.0,3160.688282523175,937.9828214611525
663,47342.0,2632.893428581129,916.7086735494177
664,47040.0,2529.9619158570513,696.6593818171606
665,47126.0,802.2085284225907,207.90252274255312
666,47385.0,432.64045957414703,78.09843253066931
667,47961.0,2095.264879058979,441.35518301767536
668,48132.0,3858.962102365067,444.71359214724777
669,47405.0,690.9942133401181,323.27155392832157
670,47225.0,2060.225924629592,66.3516631438476
671,47580.0,1537.2689909139083,329.5241027125121
672,48420.0,967.2887518211362,221.13058101621988
673,47966.0,1546.1067399146561,862.655716379295
674,46847.0,2104.5180294635156,379.8579257519318
675,46720.0,1153.1577722869267,503.2862832317896
676,46693.0,1003.7268426430429,263.34572244320674
677,47033.0,2141.7372892485687,112.33407714800157
678,47018.0,2896.374781430143,885.7557306618972
679,47020.0,1720.171574777645,0.0
680,47284.0,3520.9076706375954,316.15397704175007
681,47342.0,3177.249657042726,1032.1176337159523
682,47357.0,3357.428185118685,940.1696563870172
683,47335.0,3089.0589158658695,248.28675643426942
684,47318.0,4713.854264746309,389.9352217420095
685,47529.0,4887.444422634299,205.3102696950385
686,47836.0,4509.9126746664415,854.392923705496
687,47398.0,593.8418214374221,1111.2744543481472
688,46981.0,0.0,1208.4141629201742
689,47399.0,2297.885996652675,945.1681547261721
690,47431.0,1511.4782676126977,372.8217925510317
691,47183.0,1471.0580707161337,912.6858793123184
692,47185.0,2382.3940960930986,816.8054063863048
693,47241.0,2687.407888549716,1215.778861622534
694,47265.0,2786.3536463500013,634.9193480893027
695,47475.0,1230.1440457378517,950.4565669523801
696,47700.0,4793.241077247484,495.09187743279887
697,47835.0,3814.377627645696,701.6204102753599
698,47847.0,3349.6513522445757,819.8648395075677
699,47775.0,2105.0525700281837,897.67583191397
700,47640.0,1707.0929066275942,591.6901494270696
701,48085.0,3959.341901758775,217.95855658590762
702,48119.0,4153.874790483082,404.8717463838701
703,47269.0,2235.677899779661,164.83839058275782
704,47063.0,3162.331785460771,365.89290937717294
705,47467.0,518.768413996685,544.3748758661326
706,48337.0,3216.667450486758,0.0
707,47888.0,2486.9804342422867,665.1032286605038
708,46801.0,2194.3586932990015,108.79525061095924
709,46877.0,2525.0893318032513,196.08972440589332
710,46944.0,1110.3573384278866,168.26921912069446
711,47187.0,3799.750593801012,491.7645052702655
712,47191.0,3278.169852368881,983.8580715889282
713,47218.0,1986.2820380243468,0.7096541305155198
714,47461.0,4052.83178534014,757.8333158387056
715,47479.0,5313.629876476305,165.08891140841425
716,47327.0,3258.535979190731,501.0832078685696
717,47254.0,2598.3469722377195,1214.58262272228
718,47342.0,2658.805843324348,706.1214023647718
719,47692.0,3911.820981523099,684.8641307542467
720,47868.0,4203.14172668051,906.4075954043585
721,47597.0,112.62264395237524,1731.78946626284
722,47445.0,1619.9942585074086,853.258992775197
723,47500.0,2577.0987624000745,0.0
724,47612.0,4049.2852879779716,7.049846035826485
725,47252.0,1476.6713334800816,725.6612266853728
726,47085.0,2499.88397471061,65.3790081575181
727,47247.0,3187.799497338344,724.3222568930031
728,47352.0,2923.4946984175476,138.09376759235752
729,47524.0,2256.7964168210397,1092.9625988657158
730,47722.0,3117.8226233061664,581.9223417457723
731,48081.0,4567.959538873687,765.3590128133028
732,48181.0,4369.46438781752,734.2145162044815
733,48097.0,3180.7854237342613,370.9816986317446
734,47800.0,1869.1029505233053,827.7378015602117
735,48027.0,2297.485900970959,927.004509703485
736,47944.0,2674.6235673371857,782.6184294999505
737,47172.0,1087.3333129343603,994.4367817235761
738,47338.0,1303.3776040645803,400.26973920364486
739,47736.0,1452.965255954765,243.0912112279072
740,47817.0,1111.1117168409805,398.6789985842645
741,46988.0,1089.6067483700967,455.4185649538539
742,46779.0,542.7302156669328,1082.762038701558
743,47233.0,3095.4028355899645,150.72086186909178
744,47380.0,4442.631821776169,725.9680231121962
745,47387.0,3997.526707725559,310.60344484486836
746,47621.0,4106.751098633196,659.461504226511
747,47657.0,1399.0749576667044,179.56817586382346
748,47503.0,3869.425488039851,769.2374139480166
749,47599.0,4190.780470921273,531.5856923668955
750,47355.0,3829.5492750033864,543.8996139647641
751,46983.0,2472.498491311606,993.1038404904895
752,47236.0,3512.572298909172,627.3761279815668
753,47747.0,838.3367165638829,448.11587815711925
754,47703.0,1039.300224985929,1162.871034170967
755,47578.0,65.95021755035961,1132.5868100129926
756,47435.0,1314.737288485136,481.613225425218
757,47851.0,4962.780333764692,128.9221082846842
758,48112.0,3767.733805216207,196.67816122767658
759,47571.0,1271.7868973811776,716.2935083640265
760,47477.0,4171.594104430595,795.4989563620198
761,47505.0,3250.674480032422,398.48981075145105
762,47487.0,3380.8805962565634,497.5456168686645
763,47745.0,1720.5139966237946,744.0560904627923
764,47849.0,3608.008027443749,928.835596610094
765,48029.0,3957.0078334675077,1179.768406676808
766,48132.0,2644.1716953078835,764.3804402921231
767,48046.0,1896.7881830008782,317.0705905658801
768,47815.0,1620.1772000597743,60.66090209413241
769,48072.0,2094.3378106461137,396.445169186181
770,47845.0,2351.204854694987,254.57630689053124
771,47499.0,701.3660636400175,487.397433618188
772,47919.0,552.1039870604303,902.6141171105135
773,48011.0,155.88806027622684,37.17216597115716
774,47663.0,1395.3992251180664,451.705035128223
775,47432.0,944.7293491862877,25.570976393335037
776,47122.0,1142.4445350114172,862.7747679997217
777,47537.0,5094.753241250967,230.66145070007764
778,47648.0,3282.528081861199,909.0531996265537
779,47484.0,3396.705037875847,442.8702903636014
780,47301.0,2933.269518063566,446.6320100014827
781,47316.0,2211.1977489581036,42.75489979811419
782,47348.0,2114.198283087752,829.110021960288
783,47294.0,2590.3464084816824,914.0805819012663
784,47113.0,2263.674220477997,1027.6853635887664
785,46906.0,801.7556732772814,1156.670067502024
786,47042.0,1285.9949750461744,950.5315359880294
787,47758.0,904.68896742332,1431.086211087727
788,47696.0,2432.9854042214606,980.7005482064128
789,47601.0,1677.2466656622844,950.5617946214521
790,47078.0,823.3229468972111,92.42780467115759
791,47517.0,1113.4921558700444,90.79050518074578
792,47840.0,69.58002924140804,753.3364124954637
793,47560.0,3018.8381055324444,379.9292957880389
794,47967.0,3848.645666798213,992.8277454106453
795,48042.0,4355.727646648419,495.45224417446116
796,47700.0,3124.625003308049,580.7830802997089
797,48089.0,3696.079791918286,295.03589662334707
798,48548.0,2622.5552024289323,1144.4028697467438
799,48348.0,2373.7714416992644,1432.6296571735504
800,48083.0,2660.852995040351,757.1408661469881
801,47988.0,1756.2912967970187,596.1534795114271
802,48091.0,3118.8089635387064,354.60609370492267
803,48206.0,2991.2971337345443,467.9066108096538
804,47879.0,1262.3707377617727,861.8685652520077
805,47847.0,2792.4100524166274,203.97765460480736
806,48175.0,2057.8500195818715,686.815843705399
807,48118.0,606.7256413227286,349.91027079905507
808,47909.0,2012.0891422818686,636.0052255726147
809,47588.0,0.0,56.03803205494399
810,47379.0,1356.7865079725875,781.2501449966068
811,47531.0,3600.5089923122687,256.62505241017817
812,47544.0,3054.6690832346876,843.2121601631573
813,47414.0,5100.261766073265,255.43055479613042
814,47154.0,4071.09344049949,324.03359544361126
815,47154.0,1637.8520780615745,81.20000715744138
816,47370.0,2357.082803905837,0.0
817,47303.0,2165.0311638716,387.0155546888878
818,47103.0,1980.5772369754084,339.0594747077742
819,47305.0,3082.936774785124,902.0495484498102
820,47557.0,3942.178693652797,501.45955737709437
821,48000.0,4390.67193825891,779.1379408156567
822,47881.0,3722.9475851075363,1665.7227044649387
823,47603.0,160.13160603833978,1319.8764507855017
824,46747.0,139.25692990685994,643.3269356352204
825,47270.0,986.5708604640515,607.0759757716692
826,47515.0,1564.9616203765074,905.7755183504571
827,47689.0,4632.132173401538,355.20110458951893
828,48136.0,4639.704388093636,718.6607018733401
829,48290.0,4580.747544942187,674.814778047123
830,48204.0,6427.822780813631,267.8285384879156
831,48292.0,8724.105210644868,15.424040643198996
832,48369.0,4364.589935910128,984.7845149230658
833,48446.0,3890.6040819229265,818.4080873741209
834,48241.0,2966.7479350369226,1093.4722970569653
835,48174.0,4892.747260927258,920.3183021200332
836,48395.0,4814.694309212883,663.881546166547
837,48279.0,3887.1864429432194,1204.6754253113247
838,47838.0,1595.9257740747378,442.4570261671366
839,48141.0,4305.449232311725,104.4601835904512
840,48410.0,1560.834682093108,588.6234338880402
841,48439.0,278.5163044267145,385.9469402862135
842,47833.0,1464.7642128006992,374.92501847943856
843,47486.0,2051.1934696773474,182.82003783539156
844,47394.0,2517.3467093181976,955.5866870540395
845,47341.0,3246.178123648731,359.0171103068236
846,47141.0,4517.712427201531,269.0809149348605
847,47091.0,2774.2617046528994,475.8856521762453
848,47295.0,3468.0370284156425,408.1689027452873
849,47581.0,426.37270406557684,0.0
850,47736.0,3003.6827979341874,0.0
851,47824.0,2616.0181483301426,270.9411071541146
852,47632.0,1630.1441094857896,652.5249205165835
853,47631.0,2494.86695804418,1338.0847509158407
854,47754.0,3043.469556010494,927.0679103052178
855,47960.0,3110.3300769879606,1214.6028966268148
856,47959.0,4095.743792445056,1231.1197787056972
857,47403.0,527.6044193187765,561.7434784597523
858,46318.0,0.0,0.0
859,46847.0,0.0,187.75475676346022
860,47196.0,1754.5039306910583,808.5870206508148
861,47860.0,3572.9444689683346,1096.3199061892633
862,48252.0,4301.2456762627035,921.1831808348303
863,48319.0,3296.97620979775,1142.0067114939504
864,48368.0,4044.77736407299,739.8180501802019
865,48673.0,4379.609932451886,593.199865562839
866,48604.0,3841.7884866771237,886.1656052988146
867,48561.0,5004.430908153014,736.2493835001839
868,48335.0,3173.7043290140014,1096.754070613136
869,48210.0,3139.645035141582,823.2648595254296
870,48029.0,3439.0787829181727,970.7404308772664
871,48158.0,4805.234706664564,686.4782794046557
872,47954.0,4428.857300343408,521.8970412539672
873,47744.0,3951.745939903646,528.9406385983477
874,48255.0,768.6879083775049,651.7010832944411
875,48412.0,783.5380345223142,179.22557533601383
876,47760.0,1662.8514497150932,616.2025297286459
877,47678.0,4370.403139111792,663.1887619057532
878,47659.0,4213.6254944883085,592.0307794846404
879,47462.0,4252.924263312967,364.83845881362987
880,47348.0,3847.349010089424,265.9612443958297
881,47331.0,3002.3439219626107,346.2647517579439
882,47376.0,3890.5438139245725,346.3686230115684
883,47854.0,7.394035849325625,0.0
884,48060.0,1652.9831312288343,341.9155224444002
885,47744.0,3550.6542044998223,34.46043159318024
886,47471.0,2901.061910552372,1152.1273246747157
887,47262.0,3501.235130640682,435.24649914653713
888,47474.0,3787.3929517171327,497.122293021324
889,47857.0,4528.510908850655,920.1763130414237
890,48031.0,2606.958997385716,1088.532092270267
891,47536.0,254.68798125874443,119.44764616704505
892,46743.0,0.0,0.0
893,46968.0,0.0,605.110978973171
894,47209.0,3400.9675420106933,441.0560884009058
895,47831.0,4171.313098287938,879.3549856529561
896,48171.0,4491.668698152881,212.13353382717202
897,48249.0,3952.787166987389,830.2964812100109
898,48377.0,2327.004120083325,705.7459227872221
899,48608.0,1603.6173043466188,1030.2999946142954
900,48569.0,3701.322401942215,1002.6298586412437
901,48773.0,4336.031292455751,832.4772729341494
902,48411.0,3054.2167015637197,840.9920506016325
903,48257.0,2516.750713214898,823.873954866816
904,48100.0,2425.448009782821,546.1156283574538
905,48226.0,3675.920237755546,569.5688415002077
906,48155.0,4057.850362481921,660.73329140356
907,47673.0,4119.92943996452,404.29521291305207
908,47867.0,688.749346636049,765.555096044441
909,48111.0,1027.5705575636425,85.52974430904182
910,47877.0,2272.0663002472093,551.0134659026381
911,47807.0,2625.143609031684,973.3619673785225
912,47791.0,4860.391462383117,408.42626406814486
913,47465.0,5897.071003474106,379.17923082306754
914,47467.0,4653.594043573523,591.8770132662935
915,47488.0,4885.950755672378,287.06766075724585
916,47566.0,225.12052819331382,0.0
917,47684.0,0.0,0.0
918,48130.0,2600.142489896128,1004.5799965054991
919,47786.0,2522.2032633552794,971.4877925258604
920,47404.0,3030.1856534199924,899.6840102107901
921,46999.0,3330.3452990382475,429.1614160301723
922,47175.0,2874.889518332058,362.9687393934564
923,47861.0,5048.391041662841,1129.9094351656859
924,48126.0,3188.0521148706575,975.4851726466594
925,47687.0,426.1904290372049,53.15003856831229
926,47045.0,419.64138669835694,0.0
927,47374.0,797.1422342524471,703.3484638042745
928,47621.0,1488.98565724446,121.80178457446098
929,47991.0,4437.897416382314,807.2460375622486
930,48020.0,4144.6412296499175,268.1737236060854
931,48089.0,1050.1269817594323,562.962526760333
932,48291.0,3169.016444246693,218.898725083917
933,48438.0,2432.6102262125683,595.6397371408299
934,48560.0,3439.5850895090543,823.0956440015532
935,49152.0,3350.437403338688,895.26486705575
936,48724.0,2888.609079724856,758.2982933172638
937,48644.0,3466.649337014895,672.7910992518016
938,48647.0,2286.2525420236125,591.9059638940568
939,48617.0,3901.9375371458614,762.6753893854222
940,48634.0,4535.032165365902,379.2484641608514
941,48259.0,2589.6645495202097,482.34229968397926
942,48008.0,3028.428425258616,633.8107140432669
943,48163.0,926.5412744406558,664.9065321682341
944,48413.0,808.2063391947534,368.3055453317179
945,47951.0,2871.4021648823214,857.911961241067
946,47752.0,3287.4925751669234,405.90187260601726
947,47473.0,4242.4069676861445,502.5974106860658
948,47724.0,4362.653681720389,404.20171432224373
949,47790.0,3662.2270454780974,443.60873085084756
950,47710.0,0.0,0.0
951,47303.0,0.0,0.0
952,48006.0,3064.1470345318367,619.0676903398293
953,47932.0,4361.579743351744,769.4857186963394
954,47694.0,3008.8733136445135,866.3643364100528
955,47309.0,3469.4171887821713,835.453564809262
956,47437.0,3105.125024406179,271.1044232612712
957,47738.0,4992.96753079472,1184.4679610209466
958,48469.0,1935.2273879577517,916.1139924278053
959,48613.0,1.6155819304987513,30.86155063669429
960,48327.0,268.7439295469422,365.65941224951956
961,48134.0,1926.158334450731,682.243235586919
962,48061.0,4257.720938937867,803.6816310420479
963,47815.0,2810.0458079681553,531.7150578180967
964,47626.0,3538.28124548845,1090.5253318315147
965,47734.0,1992.0990377718813,808.5108859320417
966,48162.0,5109.395251885866,329.59520572744566
967,48549.0,2541.969236111651,557.3727362185329
968,48668.0,4723.282410691762,376.24829278970753
969,49041.0,3281.2361414086586,791.2844787700192
970,48770.0,3111.670139301175,803.8883178641961
971,48737.0,4084.854642420641,678.7408110281001
972,48746.0,4477.0239015430525,728.7889200185049
973,48701.0,4194.460304844675,851.0713535627744
974,48594.0,3710.610884762249,725.017403819929
975,48623.0,3589.6791317805723,137.44684011506723
976,48487.0,3832.0415639995626,497.6572913580386
977,48434.0,3213.751683697051,559.3313001316748
978,48468.0,1346.8252013529725,915.5455149927936
979,47944.0,2633.679176662424,1023.3991039432083
980,47863.0,3530.3597652143826,398.22171507199505
981,47706.0,3599.0514004989336,269.5844068653435
982,47936.0,3717.992906986301,435.37591072750456
983,47985.0,1715.43271817453,583.997547032242
984,47926.0,447.0240312441601,310.42945781891274
985,47396.0,0.0,0.0
986,48066.0,2248.5302433013317,745.66554854977
987,47943.0,2940.993529006352,915.2727887026275
988,48020.0,4512.911516764432,701.8704831633142
989,47814.0,5882.578151525875,433.58470967848723
990,47823.0,3248.8875968842067,402.6792910437574
991,48019.0,4530.8044458005415,1349.7184615132253
992,48614.0,3194.621034248055,763.7872437329577
993,49017.0,0.0,0.0
994,48624.0,2.796013095536141,730.9192585717434
995,48132.0,2448.282984906083,598.5097474425577
996,47923.0,3878.1861517801326,578.2669682508133
997,47577.0,4752.588091562129,3.8410934271257293
998,47558.0,2793.684413868258,607.0026094205687
999,47802.0,4658.349351235825,665.2928627267556
1000,48305.0,5810.124462479263,926.8747946648773
1001,48583.0,4837.950184562738,485.8680945526408
1002,48649.0,4227.174350204364,498.8582427555018
1003,48903.0,4057.428161097989,533.6794708959347
1004,48650.0,3299.110330679755,908.0576283533143
1005,48648.0,3970.355286397104,792.5531101716139
1006,48656.0,4173.383042121383,581.1229436218298
1007,48706.0,3138.1687982297044,514.9299559007883
1008,48591.0,5282.2887672566,729.4783480024108
1009,48466.0,2324.609176993266,476.70002182045255
1010,48471.0,1954.8026421868685,211.1147120145703
1011,48498.0,3986.964764488821,635.5692861721616
1012,48383.0,3728.4973907023,837.5915232648315
1013,48046.0,4824.188091294422,661.2776155295551
1014,47960.0,2116.085045940121,1107.3909758606349
1015,47843.0,2407.8823218669704,282.30450732622353
1016,48039.0,4904.80478104807,245.782192033849
1017,48096.0,3580.2055619357907,493.903692786938
1018,48064.0,2960.6416432486512,590.0982243820748
1019,47729.0,1035.269361880247,91.93542225481704
1020,47937.0,4499.220126339901,368.91605676871234
1021,47899.0,3775.19935522697,1030.020293224065
1022,47922.0,2937.543915901802,1311.1832399062098
1023,48185.0,5457.842725597805,857.8997774529358
1024,48294.0,5012.533594394212,957.0885827492297
1025,48373.0,4351.290843247703,924.0727861236791
1026,48539.0,1406.4323970591652,115.83884201482036
1027,48819.0,0.0,0.0
1028,48487.0,1093.2817335775906,831.2287667685862
1029,47664.0,2987.433764866961,174.98351497935255
1030,47404.0,1159.9124159879484,604.8242390522519
1031,47152.0,2334.3186109792896,703.7119707614551
1032,47776.0,4532.351385727864,885.9661544553095
1033,48083.0,4377.394915038172,1070.9518182244633
1034,48328.0,5708.0030931592155,636.1529321607626
1035,48563.0,4560.276904612295,352.2041520481167
1036,48517.0,2760.2260290082454,703.1435433765422
1037,48419.0,3029.312024270666,970.6393693763644
1038,48306.0,4076.335721085406,510.1191146174798
1039,48313.0,3972.0930813609098,959.3359687599099
1040,48315.0,3445.8395664452196,902.1542300246952
1041,48328.0,3648.7016012469016,985.0389506885498
1042,48409.0,4785.615436504925,790.3104045667004
1043,48393.0,4426.19708620861,794.8130392817345
1044,48355.0,4086.1128880157366,244.60569571838164
1045,48425.0,5216.201914548969,446.2635811169397
1046,48087.0,2772.8401310160043,882.7514949782458
1047,47690.0,4863.152609318944,491.03546399483963
1048,47627.0,4228.9225622639,971.3183462682229
1049,47718.0,3418.995748555178,797.927930636536
1050,47985.0,1220.3668908046502,405.7612579771693
1051,48143.0,5271.824941871454,393.1883112100983
1052,47930.0,4417.928107005099,365.0091827703131
1053,47420.0,1636.8588343468218,254.06225136388673
1054,47712.0,4292.230460818593,376.0796111035755
1055,47653.0,3568.1887651270936,828.357072215899
1056,47582.0,4010.9760020252975,771.0295395464547
1057,47658.0,4282.1159420048225,1009.7772189037879
1058,48060.0,3249.902444104772,435.27006671400056
1059,48042.0,3467.7172323160457,1040.4519669676083
1060,47926.0,6761.0727072701275,837.2886399863793
1061,48205.0,6164.040985932524,698.7077989424412
1062,48205.0,2684.303613603788,619.5871970632843
1063,47714.0,1076.8524980574136,72.89985281820037
1064,47023.0,1705.2869229651392,0.0
1065,46775.0,449.3668735304946,191.6801246073151
1066,47524.0,1363.823641088325,600.6576403138803
1067,48012.0,5265.267634198394,765.951419175253
1068,48337.0,4850.653517348493,413.33462868942286
1069,48493.0,3564.5705991095156,385.16992414275205
1070,48356.0,4243.10299452089,543.5953044436411
1071,48358.0,3090.745829266721,576.7565627173386
1072,48309.0,3925.6880981969457,659.1770154462205
1073,48307.0,3805.208843146578,1044.2826595994898
1074,48188.0,3455.4344674636354,454.3666393669542
1075,48187.0,3813.752384141759,802.1004546487794
1076,48257.0,3119.2604752420393,731.4891840229751
1077,48246.0,3636.3817508951834,832.0436067756882
1078,48283.0,3857.44282211273,1096.0449025842709
1079,48260.0,4614.166960855288,796.746043673041
1080,47589.0,2399.254988707565,1046.661568777668
1081,47152.0,396.96311979495243,1614.9211320161132
1082,47325.0,3032.9802393148866,1079.3142239926087
1083,47675.0,5571.366584468014,539.0728510264865
1084,47832.0,4361.836863321811,396.0271230064671
1085,48079.0,2207.974958622529,563.8125057537134
1086,48106.0,2704.4494870178078,582.2964567838443
1087,47683.0,1803.9533051199037,92.6498826173567
1088,47914.0,4044.9133418454076,658.3792711487279
1089,47830.0,997.068212987902,246.5086222174487
1090,47807.0,4199.971302091444,400.3464682349527
1091,47844.0,3428.183071290947,1167.620806223932
1092,47873.0,4228.633418306494,883.9639577696956
1093,47810.0,1999.6115366288568,936.071398011872
1094,47733.0,852.9777379094451,134.82576507150105
1095,47713.0,1106.55887578233,807.8764761535781
1096,47913.0,2170.913474178672,840.9453155449348
1097,47706.0,0.0,1165.771072950072
1098,47226.0,848.7240277207537,815.7181856391679
1099,46975.0,309.74511869857884,276.5618530029532
1100,47552.0,3985.851924576041,630.8216177072451
1101,47968.0,5838.274000676971,711.9355565474092
1102,48195.0,5339.206757349997,384.82926081082996
1103,48240.0,5224.4332195966535,639.7668721219369
1104,48299.0,3615.1495725260365,656.420769280514
1105,48379.0,3017.3051645774112,739.9761947139009
1106,48341.0,4244.653569338637,452.21885759487895
1107,48295.0,3386.2014005418446,535.565233641586
1108,48291.0,5232.776190830221,643.2504665956868
1109,48266.0,4776.1466830408435,332.1066980351108
1110,48226.0,3996.8630060503347,630.5162647391652
1111,48179.0,3471.7128928132283,877.3098389924837
1112,48072.0,2886.96514441137,772.6803130919336
1113,47867.0,1801.3168504306282,1083.4271790131404
1114,46860.0,3.2528837866453357,1071.2324364117549
1115,46975.0,151.27428179954126,1438.2834245521253
1116,47192.0,3602.971525932347,201.56613237882414
1117,47725.0,1345.8934911292868,536.3831884896659
1118,47838.0,3444.8552123427635,424.9907473952499
1119,47946.0,3436.7318279060355,687.8807675583894
1120,48208.0,1624.4976060065997,378.18734504480943
1121,48172.0,0.0,0.0
1122,48111.0,2797.5568108393754,1006.5655776483397
1123,47589.0,857.23009202805,864.6781046941196
1124,47345.0,1578.9438533679338,405.1556830623609
1125,47230.0,2275.6167348374856,899.9565637281493
1126,47370.0,4224.2858145097,946.0107291649192
1127,47470.0,1545.353581189238,520.0065206930003
1128,48237.0,19.793388054691405,0.0
1129,47754.0,694.4041470324172,1029.793798970407
1130,47971.0,2635.189252514914,385.77556536014583
1131,48019.0,27.73042787996215,707.1278598848737
1132,48352.0,0.0,475.1008629849551
1133,48225.0,0.0,917.8626522385572
1134,48001.0,4478.15816857871,1463.240940385805
1135,48136.0,4891.100688366753,794.5608287536796
1136,48162.0,6058.364278695917,430.78912806333074
1137,48136.0,5907.491478646702,659.0051167931002
1138,48161.0,2199.9688989063147,952.3365823121237
1139,48190.0,3294.793764975689,697.167430209707
1140,48367.0,4185.6033252846655,722.6608472277608
1141,48483.0,3698.264740092304,498.84327246667635
1142,48296.0,5093.832187085165,655.99237275866
1143,48081.0,4321.215086011965,762.7843040307828
1144,48051.0,4299.331496541283,429.56770270935493
1145,48268.0,4388.559408802994,346.7540138333341
1146,48110.0,3609.327832464553,604.3765542458358
1147,48027.0,1265.5718055347206,570.2283185440525
1148,47779.0,1904.2822686319496,664.5123440092713
1149,47686.0,1726.4230406274123,843.4538437267402
1150,47465.0,3859.712342604806,683.8724040737732
1151,47615.0,5196.162575611075,293.78825153568613
1152,47676.0,3731.1210874980247,649.70599726128
1153,47897.0,3464.953176642467,899.424829136375
1154,48154.0,2729.4707938146485,445.1151243768758
1155,48266.0,292.5252809729277,0.0
1156,47951.0,2970.4555306573466,495.70397282583536
1157,47095.0,3877.5003345768414,469.5294004352898
1158,46839.0,1134.1688016746534,394.75335347974544
1159,46799.0,2706.3231507332257,885.9336597777508
1160,47061.0,1510.2834365842402,1423.370748128778
1161,47152.0,1649.5593220694934,179.06124914322993
1162,48021.0,1680.9108696157416,241.61284897945964
1163,47824.0,1723.4472782593812,874.2814884315513
1164,48207.0,3369.369110950617,206.3506788539313
1165,48149.0,1973.2115037977223,349.07126105875625
1166,48588.0,0.0,224.4160963945098
1167,48212.0,1522.6644551943382,668.9537755147018
1168,48017.0,4033.357690801578,849.1884667378445
1169,48105.0,4451.733944385516,340.18733370729876
1170,48139.0,4444.591222072004,915.867555508091
1171,48107.0,5437.204832697507,1096.723993217939
1172,48090.0,3212.295768827079,819.76554686038
1173,48148.0,3811.3736766794395,762.8442904109049
1174,48268.0,3720.736417976142,805.725391814106
1175,48437.0,3217.5404275748424,583.0517241877182
1176,48390.0,3861.3206986322725,797.1065216310485
1177,48215.0,2972.552045908114,960.7810671876892
1178,48195.0,2070.7674999036817,1049.2290919519678
1179,48201.0,6144.837916696576,768.8849847106612
1180,48242.0,1092.5048241456302,1045.0798121594805
1181,48194.0,1912.5184038013579,516.3678881982597
1182,47753.0,3160.087038331468,571.526046484146
1183,47769.0,3670.6331232392968,331.3945713042752
1184,47451.0,3428.3358847675236,637.2659362296653
1185,47622.0,4709.534639427417,439.433951459083
1186,47589.0,3701.0577533922037,748.8308432872452
1187,47721.0,4490.924883038421,704.5968219741898
1188,47707.0,2976.3937430334654,1055.4115580840505
1189,47894.0,1414.516258880757,53.338448434588884
1190,47642.0,3387.6145027501802,394.67138171715214
1191,47379.0,2838.9424980855733,183.3630897098013
1192,47331.0,2257.644476699724,51.414202364425
1193,47069.0,2545.7954331049436,507.21472111637064
1194,47021.0,444.67922643978125,1058.9210111626003
1195,47132.0,2195.017284378426,0.0
1196,47779.0,425.3289058322425,750.8473198644137
1197,47771.0,3078.4450943458173,360.95185801774534
1198,48004.0,1669.1371887598116,380.31632108537843
1199,47844.0,2497.251612906467,176.69186348161566
1200,47522.0,1386.704169991808,190.7020881768218
1201,47209.0,2153.7581544434897,827.1582174928875
1202,47533.0,3365.658181231605,520.7034473251919
1203,47839.0,1169.3506040015718,760.6099619806714
1204,47788.0,4838.709166468582,784.8704706080259
1205,47765.0,2220.0863736345627,554.3856100597216
1206,47818.0,2655.136613846804,949.492169340897
1207,47914.0,4274.425161220662,809.2836101585308
1208,47747.0,4523.168572767729,659.2515270578193
1209,47865.0,3799.236535467621,898.585319633255
1210,48128.0,4195.990125976331,769.7037514235225
1211,48308.0,2632.0558602290384,1071.9551187248146
1212,48265.0,1515.4917708072574,739.2370574355522
1213,48048.0,3844.9168426439896,1071.7026660089396
1214,48259.0,3284.026568835367,250.00813916334465
1215,48278.0,1794.7129260706845,415.58782454458316
1216,47491.0,2481.4637888207667,45.32247340303268
1217,47692.0,3918.8128233043485,558.1716196447269
1218,47599.0,4708.6471524358,203.22325111452602
1219,47950.0,3768.501064576027,701.8670171513004
1220,47864.0,3349.065769687896,794.9158096595614
1221,47795.0,3832.4199919691,1042.3640767794068
1222,47538.0,3915.4250424790107,584.7129407112977
1223,47750.0,1958.0954565607383,0.0
1224,47204.0,5003.68397767412,314.1998660336117
1225,47370.0,4908.822700975095,408.42150599425844
1226,47436.0,3969.7967217385126,370.25341028352176
1227,47268.0,1585.6618689527572,670.9018258833045
1228,47119.0,1363.5366679922795,1123.8121361037063
1229,47117.0,943.7642287352949,295.22686190192593
1230,47338.0,1578.5737256054563,839.8299886625459
1231,47120.0,3564.5577119701165,0.0
1232,46949.0,621.3751933996134,338.44572916139515
1233,46695.0,1978.6731243332738,241.1609760258832
1234,46921.0,511.99832791886314,343.25236769822027
1235,46966.0,2490.3101109955433,903.0267089465902
1236,47835.0,3119.9285259712005,689.2393481165152
1237,48133.0,165.17639842312607,345.9828879073441
1238,47885.0,2431.6603469531046,670.5133617024189
1239,47758.0,3003.042376238338,630.8695460516265
1240,47726.0,3864.3948780042133,890.8528321394705
1241,47662.0,2671.3753208634785,514.5848592426491
1242,47468.0,2517.959189808022,328.86837718620234
1243,47392.0,2883.3594590815464,577.7923285601306
1244,47666.0,1642.7427495469094,621.073006494546
1245,47927.0,2495.167891844877,719.3307692023793
1246,47972.0,3141.2471731901164,233.6893223365148
1247,48078.0,2897.114451851526,769.6698483250021
1248,48197.0,1691.5708658178646,273.7302153625197
1249,48057.0,3433.6999116339666,321.29283239580377
1250,47759.0,3604.564759507589,209.62592318256478
1251,47641.0,4094.505841010334,540.9360050899548
1252,47568.0,4935.21065334531,548.1736548106343
1253,47988.0,4387.826768966929,871.3887105958754
1254,47927.0,4450.226553389874,527.0980899762731
1255,47833.0,2988.379709379581,878.7125589449555
1256,47691.0,2546.997019355098,603.9906226306427
1257,47825.0,1516.7506462506626,198.02780847989683
1258,46962.0,4357.478664919285,315.7707482121721
1259,47033.0,2633.3432202961726,303.6379313313613
1260,47294.0,4248.539164734342,335.8443189583146
1261,47338.0,2555.272369912411,706.0987748939814
1262,47289.0,784.8999879109508,1364.6958295865559
1263,47223.0,1362.5700884935216,697.1297522567775
1264,47341.0,2175.899881749072,759.1910418665814
1265,46988.0,1734.608293922366,54.19405312845447
1266,46768.0,963.0453845329293,164.75460168831276
1267,46380.0,0.0,0.0
1268,47018.0,120.95322306085403,797.7984220834649
1269,46957.0,2594.57425136325,337.9156477771246
1270,48233.0,2269.8152200968907,455.35214159787824
1271,48640.0,0.0,7.977250202415234
1272,47963.0,2877.122587609005,579.2186795314867
1273,47904.0,3698.0647001933576,847.7763919889038
1274,47560.0,4804.370794574469,682.8557740014576
1275,47452.0,818.6498598329638,124.66766233669846
1276,47252.0,1102.0032911165354,241.15441402151885
1277,47147.0,607.9883994893889,0.0
1278,47472.0,897.6803201924231,0.0
1279,47827.0,3206.0245056754966,260.1453040458609
1280,47758.0,2543.8708407143945,932.9189364374333
1281,47760.0,1837.9378477719074,423.84693834029906
1282,48081.0,1272.9159015535488,231.6532213378697
1283,48162.0,3322.1978333225106,0.0
1284,47928.0,3015.4243273085053,66.63864953107311
1285,47595.0,2273.7070992572085,614.255428775115
1286,47603.0,3892.0185800008403,1039.198136909816
1287,47734.0,3786.4971694750298,485.92519655110925
1288,47762.0,3471.855493172632,398.01618797828246
1289,47742.0,4676.881678105462,279.124727207056
1290,47884.0,1550.0870751764642,74.94326946771984
1291,47902.0,835.8570484064389,234.06479594012927
1292,47014.0,2448.5829592877953,829.9647964519031
1293,47154.0,3589.714413934556,1033.2862575340318
1294,47400.0,4843.48921875152,929.2488711624333
1295,47312.0,2971.7188246059363,1289.1591862860155
1296,47248.0,2652.6934839818864,860.167226175408
1297,47412.0,2749.0078279115323,1033.0569297236118
1298,47164.0,2849.0796839936324,1079.3248893798736
1299,46512.0,1220.1373847435402,571.1384344804359
1300,46450.0,513.506921056577,523.6687229308816
1301,46539.0,872.4389257162793,269.0085668862638
1302,46881.0,1273.1604543664173,450.9933272067392
1303,46899.0,387.1892783480805,430.87143639348636
1304,47925.0,1676.0703125751243,314.32443301872746
1305,48080.0,244.17593265918586,224.3410517560361
1306,47591.0,3250.3465605540687,609.9091298114811
1307,47619.0,3969.231474182891,606.3029314633735
1308,47142.0,1651.6053421702375,848.4587868500219
1309,47070.0,1221.3048548242077,247.80113998342972
1310,46861.0,810.9343100768039,55.5803014131514
1311,47007.0,1514.6102886195958,136.42748691609972
1312,47282.0,1600.6240205639378,363.2505572278019
1313,47294.0,2583.148589070071,266.50069229613644
1314,46705.0,215.4349278927432,783.0730314580046
1315,46966.0,401.1639161757188,459.0218729634454
1316,47662.0,3241.2370948319553,488.31095291767423
1317,47730.0,444.032983037279,309.4530097536707
1318,47873.0,3253.158644664365,606.2772366695791
1319,47921.0,3564.8705029127027,731.8834099915936
1320,47797.0,5056.514510993954,549.7230811532925
1321,47738.0,5037.14879704285,387.4772114995652
1322,47578.0,3434.5296570269957,682.1856060645983
1323,47348.0,1190.4917495720335,202.54097453651843
1324,47434.0,1991.8926819230464,245.29711037005654
1325,47979.0,1644.618727469034,147.07472535728263
1326,47369.0,5423.230886433695,173.01720664979484
1327,47544.0,5215.7022694115885,448.28060715058155
1328,47662.0,4429.80185441834,465.00531887147974
1329,47557.0,3045.3314623282618,1106.6164054062326
1330,47338.0,2532.1586873156816,468.0554103570813
1331,47390.0,3094.1437312442613,475.8972473447231
1332,47491.0,3080.9069874681854,853.6572400261421
1333,46550.0,3283.4447417390606,139.0926505075637
1334,46599.0,677.3487025668288,331.7783600983132
1335,46663.0,1343.1759331293804,460.37310361310693
1336,47075.0,1512.5898317035303,375.09868543074776
1337,47071.0,2364.326418652403,189.21764907666352
1338,46539.0,687.5210683150505,455.02500907038893
1339,46221.0,665.4171460986049,716.0033222214514
1340,46301.0,2857.0709070741095,390.2332674780413
1341,46881.0,3554.168482636848,232.76970459619687
1342,47228.0,2183.7569076673603,255.66419792858755
1343,47267.0,1976.756788931648,777.0410913006582
1344,46985.0,1118.066001653822,422.74096921395005
1345,47017.0,2343.874022451956,192.56054401738618
1346,47205.0,775.9469605850669,85.88888710134972
1347,47107.0,448.3793385188094,832.1678981814864
1348,46525.0,0.0,192.8730844096408
1349,46783.0,1610.0862862905283,423.0342896233583
1350,47596.0,3645.5079390280084,358.1207139728098
1351,47721.0,3151.5295883748413,812.0675722823678
1352,47852.0,4707.721871788109,553.9438672609826
1353,48128.0,4774.3874316482115,757.5225720981758
1354,47847.0,3521.656875814365,808.2659151042875
1355,47700.0,4560.383208215874,441.8133993317052
1356,47675.0,4670.186178469009,519.4913161427094
1357,47485.0,2636.158451436942,532.139192091281
1358,47495.0,2996.745724966847,659.0505814312867
1359,47994.0,2325.789435735284,0.0
1360,47159.0,4098.139654548564,59.017470359184244
1361,47366.0,3516.766228461162,366.82775623296635
1362,47558.0,3338.872636989411,276.1985955161019
1363,47702.0,4839.006458586842,1023.281791336135
1364,47674.0,3285.3229446330392,311.3388949140949
1365,47627.0,4515.799851305971,596.8592298395324
1366,47695.0,2934.84495708578,1020.2470298531013
1367,46908.0,2993.134555727943,328.50959033017574
1368,46847.0,1668.3109444680633,403.92026134605806
1369,46867.0,1154.9989928023929,35.433262653879666
1370,46964.0,1875.8982366153157,95.12595019944168
1371,46870.0,1574.31683292764,399.86110407488525
1372,46090.0,0.0,256.33005917163104
1373,45479.0,0.0,0.0
1374,45732.0,1375.0401789206448,1027.004762487251
1375,46823.0,3924.783709334287,309.6513223606824
1376,47444.0,4039.4667245038313,374.18966537391873
1377,47537.0,3917.852257445803,456.8739276598764
1378,47553.0,2666.514839056238,582.476749070048
1379,47364.0,1253.284720954886,713.757161280165
1380,47187.0,1737.3996801758865,95.07230317036279
1381,47650.0,26.35541034079221,611.2517407701947
1382,47571.0,0.0,233.58956008480925
1383,46946.0,525.9110838952657,546.7827741008193
1384,46952.0,449.9716138141266,301.6283393991882
1385,46996.0,2925.0827363161484,188.19600355101122
1386,47180.0,4615.0202811773615,531.9646178869231
1387,47974.0,4622.7488110563845,467.86495321536756
1388,48196.0,2181.917183687339,575.6122995870595
1389,47634.0,2778.836614407537,611.33340336113
1390,47746.0,3943.1780957219175,705.1675283249032
1391,47777.0,3576.514608668107,409.9288153846444
1392,48005.0,4973.944873273324,797.4876974234422
1393,47895.0,1380.4038812857984,198.20014517000152
1394,46902.0,2578.294657804692,941.5811711755838
1395,47371.0,4309.705108899802,145.34933017201936
1396,47484.0,4916.223312314797,214.2385277612168
1397,47674.0,4784.866283298612,1325.8475290530223
1398,48100.0,4514.799535037947,482.27763265170915
1399,47956.0,5008.0185217229855,952.1233481722865
1400,47527.0,4153.165558240981,761.6587539108223
1401,47519.0,4260.547231802143,540.8974535885446
1402,47400.0,3250.8009207064683,338.0107466700508
1403,46913.0,3064.0325226243635,182.47721936009108
1404,46648.0,2100.5183511240407,298.7676303970053
1405,46406.0,0.0,682.7601808440618
1406,45700.0,0.0,161.53976010579942
1407,45505.0,0.0,0.0
1408,45276.0,0.0,177.18315203268816
1409,46163.0,2552.323692560757,1166.1385835619747
1410,47448.0,3503.8335562464376,222.53555464429408
1411,47685.0,4443.313359430382,558.5551191786285
1412,47763.0,3494.9711229975214,571.4968104019282
1413,47819.0,5736.418837504235,377.00230082225977
1414,47858.0,2090.3007186861532,1267.012818011052
1415,47400.0,159.09383731133784,208.55978578806804
1416,47510.0,160.18394364624214,390.9677170390126
1417,47132.0,638.7437459343079,263.434188862256
1418,47128.0,1604.9434047117352,143.53172547724233
1419,46984.0,1099.5081578266077,276.8623777173292
1420,47073.0,1503.4439172623815,137.746164368136
1421,47641.0,4518.745223424773,775.7750312754621
1422,47879.0,38.378989770353115,828.1075445620341
1423,48044.0,2869.363552274901,546.0014680552339
1424,47864.0,3548.690825604817,459.0855588053096
1425,47852.0,4403.928349494454,368.87384297837514
1426,48069.0,4289.858149829126,657.7413996625205
1427,48115.0,2316.182933442516,252.2825573777909
1428,46651.0,591.4842641951512,578.3644243986967
1429,47173.0,3768.06590972888,681.2789890670339
1430,47383.0,2792.5843915620817,688.870007853359
1431,47367.0,4269.166467759992,561.6673206675339
1432,47462.0,2426.031098358873,115.90325385993111
1433,47368.0,3740.9816007367176,962.0693101630849
1434,47198.0,3885.8251448987244,304.78962197714134
1435,47340.0,4713.302442500345,357.6446591919248
1436,47285.0,4378.593365298585,329.57392879807423
1437,46591.0,3043.293900314748,578.1651599292186
1438,46361.0,1093.66366566842,611.7642420960989
1439,46081.0,0.0,266.7995823510516
1440,45467.0,0.0,0.0
1441,45273.0,0.0,0.0
1442,45175.0,0.0,0.0
1443,45561.0,0.0,217.82676259041287
1444,47051.0,2176.4673242425647,1180.9201939059208
1445,47372.0,2162.0063754284765,428.1147241046226
1446,47640.0,2898.371152419046,218.96525453690646
1447,47699.0,3570.763225661113,999.421843448223
1448,47854.0,4773.496806167141,504.744719237308
1449,47414.0,2827.6515113677465,971.4264600082654
1450,47489.0,4184.689173488741,357.08588016540534
1451,47178.0,958.3370886461781,154.6344836018922
1452,46865.0,34.969790091053156,234.48590263500284
1453,47119.0,354.6681277451481,363.6079435517836
1454,47310.0,0.0,814.0603752206584
1455,47552.0,1209.6347703411238,608.6169528032136
1456,48015.0,2392.529604529163,349.40361828001755
1457,48132.0,2907.8203824737225,372.13780033800134
1458,47913.0,4733.05993060905,667.8493433249304
1459,47772.0,2365.661664971456,344.1837049883774
1460,47960.0,3543.1872301013086,750.3790748800765
1461,48068.0,1582.5578201286805,200.0664017935085
1462,46343.0,227.84746474566816,224.50512495146074
1463,47025.0,2070.0988336452333,1034.0292654677248
1464,47289.0,1408.9958451705825,1444.452063867283
1465,47363.0,2858.0671784627425,805.8183341519592
1466,47507.0,4243.1671991279345,318.1203437011885
1467,47654.0,3349.0534500028343,995.4530918325888
1468,47426.0,4686.923362979183,345.47749694411885
1469,47217.0,3449.222497416447,266.6144349682011
1470,47092.0,1191.9948328777245,377.619872450759
1471,46360.0,30.682741779485777,318.5628625944504
1472,45442.0,0.0,111.44497564896459
1473,45271.0,0.0,0.0
1474,45634.0,0.0,0.0
1475,45103.0,0.0,0.0
1476,45059.0,0.0,0.0
1477,45105.0,0.0,0.0
1478,45621.0,0.0,128.27337343799294
1479,46258.0,0.0,1003.4255636414769
1480,47302.0,2267.3686974629027,757.6743389954296
1481,47502.0,2491.4905085031905,1337.7320167020791
1482,47697.0,4055.6718716578653,1013.3747906029369
1483,47895.0,4374.344783680728,1074.8987818762623
1484,47201.0,2393.919133656658,1008.7208968230937
1485,47052.0,2318.672778006197,1051.391110914446
1486,46848.0,245.47910528778607,699.8435092066048
1487,47447.0,0.0,566.4351822276182
1488,47831.0,736.1418248144489,146.96579953076696
1489,48079.0,1566.4928201900527,55.64328654028594
1490,47627.0,2594.0978108625477,267.8754743846029
1491,47674.0,3237.734215074971,273.39067646438
1492,47827.0,3408.5139246980043,577.5053525028808
1493,47381.0,953.3328579103551,256.78170633035575
1494,47456.0,2724.6385883709163,680.0132174881575
1495,47761.0,1785.3652318237746,0.0
1496,46676.0,408.49079491776854,283.38603337369875
1497,46909.0,1431.436192700366,278.6553187595798
1498,47179.0,798.4591720001279,302.13410979941193
1499,47529.0,1118.5794012859783,416.39441731982777
1500,47239.0,1250.074592267827,412.0651424814653
1501,47118.0,1707.3285243373148,484.06939020766174
1502,47231.0,1420.4718279805288,68.97060823808918
1503,47453.0,2.9092214916299777,144.74055590342292
1504,47378.0,0.0,196.81511816787318
1505,46855.0,0.0,0.0
1506,46657.0,0.0,0.0
1507,45949.0,0.0,0.0
1508,45169.0,0.0,0.0
1509,45020.0,0.0,0.0
1510,45028.0,0.0,0.0
1511,45060.0,0.0,0.0
1512,45646.0,0.0,0.0
1513,45698.0,0.0,0.0
1514,46648.0,0.0,393.1241583478883
1515,47376.0,352.22853645971725,222.21526652799912
1516,47984.0,208.98237579071048,22.262223937988253
1517,47914.0,0.0,173.48304791150846
1518,47525.0,0.0,103.75337828831066
1519,47426.0,0.0,0.0
1520,47385.0,0.0,0.0
1521,47767.0,1132.397762126148,164.3336331516291
1522,48111.0,2476.1825142858597,70.46317097030212
1523,48100.0,1576.495464105087,99.89367906457203
1524,47492.0,1441.1414243931936,88.06798728686857
1525,47421.0,1784.5567324117121,291.393012925652
1526,47659.0,1763.648208966706,42.820720665860804
1527,47324.0,1197.2511593005565,0.0
1528,47321.0,502.85142218463886,51.21804061673083
1529,47730.0,23.190900147427342,41.09947584749147
